grupo, algorithm, heuristic,weight ,domain, instance, cost,h0, generated, time, gen_per_sec
x, wida, Gap,1.5, pancake28, '21 24 5 25 16 13 15 1 26 7 2 0 22 19 9 10 17 20 23 4 14 12 8 27 11 6 3 18',39,40,738,0.00008,9225000
x, wida, Gap,1.5, pancake28, '14 5 1 22 26 19 12 21 27 11 4 25 0 10 7 9 18 24 13 6 8 2 23 16 15 20 3 17',39,40,1490,0.000112,13303600
x, wida, Gap,1.5, pancake28, '5 11 2 18 17 6 19 27 20 15 22 4 23 1 14 26 0 7 10 21 16 3 24 12 8 25 13 9',39,40,1086,0.000072,15083300
x, wida, Gap,1.5, pancake28, '24 16 13 19 25 14 23 4 8 5 7 20 22 10 2 27 3 17 18 21 15 0 26 6 1 9 11 12',38,39,3142,0.000206,15252400
x, wida, Gap,1.5, pancake28, '16 3 11 8 7 23 21 5 26 15 24 12 20 22 10 6 14 17 13 1 18 2 19 25 0 9 27 4',38,40,771,0.000064,12046900
x, wida, Gap,1.5, pancake28, '21 6 1 22 0 12 9 23 18 27 15 10 4 26 16 7 20 3 13 14 17 5 24 2 11 8 19 25',39,40,1057,0.000073,14479500
x, wida, Gap,1.5, pancake28, '21 22 11 15 10 12 9 25 17 16 24 2 7 3 19 1 26 4 18 27 5 20 14 8 13 23 0 6',37,39,644,0.000056,11500000
x, wida, Gap,1.5, pancake28, '1 18 22 14 13 2 23 8 25 0 21 17 24 5 12 11 15 27 3 10 20 16 19 9 4 26 6 7',36,37,1047,0.000077,13597400
x, wida, Gap,1.5, pancake28, '3 1 23 18 10 0 12 15 4 21 20 9 27 13 24 14 26 19 8 7 5 25 22 6 16 17 11 2',36,37,930,0.000063,14761900
x, wida, Gap,1.5, pancake28, '27 12 13 9 10 19 4 20 25 14 16 2 21 15 7 18 3 5 17 1 8 0 26 11 22 6 23 24',36,37,13110,0.000891,14713800
x, wida, Gap,1.5, pancake28, '2 15 25 27 13 12 21 22 9 17 23 7 20 4 5 3 11 0 8 10 26 14 24 16 6 1 19 18',35,36,1708,0.000238,7176470
x, wida, Gap,1.5, pancake28, '15 0 21 22 12 3 6 23 4 5 10 26 11 19 18 17 14 16 24 25 27 9 20 8 7 1 13 2',31,33,1050,0.000068,15441200
x, wida, Gap,1.5, pancake28, '16 10 22 25 2 4 20 1 12 14 11 26 5 24 17 3 15 18 0 19 21 23 8 6 7 9 27 13',38,40,633,0.000044,14386400
x, wida, Gap,1.5, pancake28, '20 21 0 9 15 1 11 25 16 18 17 10 19 27 3 22 24 26 14 13 2 6 8 12 5 23 4 7',36,37,1387,0.00009,15411100
x, wida, Gap,1.5, pancake28, '12 1 8 11 14 18 16 23 10 19 17 3 0 21 7 27 6 13 9 2 25 26 24 20 15 5 4 22',38,39,541,0.000038,14236800
x, wida, Gap,1.5, pancake28, '15 18 0 27 16 26 6 7 25 4 2 17 9 19 24 11 12 13 5 3 10 20 21 8 1 22 23 14',32,34,500,0.00004,12500000
x, wida, Gap,1.5, pancake28, '9 2 1 11 6 7 14 25 12 10 18 8 24 17 3 4 20 26 15 0 16 19 13 22 27 21 5 23',35,37,663,0.000048,13812500
x, wida, Gap,1.5, pancake28, '11 16 0 24 6 22 25 17 9 20 21 14 15 26 1 3 12 8 23 2 5 10 27 4 7 13 18 19',35,37,596,0.000041,14536600
x, wida, Gap,1.5, pancake28, '4 15 0 8 2 27 22 21 7 26 13 17 3 11 20 24 1 23 25 5 18 14 9 16 6 10 12 19',39,40,8461,0.000528,16024600
x, wida, Gap,1.5, pancake28, '10 21 20 1 15 6 2 3 5 22 18 12 27 4 23 7 0 9 8 25 14 24 26 11 19 16 13 17',36,37,4737,0.000309,15330100
x, wida, Gap,1.5, pancake28, '26 24 16 25 5 8 12 19 11 7 4 13 10 22 20 17 2 27 6 18 1 9 14 3 0 15 23 21',40,42,799,0.000064,12484400
x, wida, Gap,1.5, pancake28, '9 16 23 17 27 0 13 8 6 5 10 14 7 26 2 3 18 25 12 11 15 4 24 1 20 22 21 19',35,36,1455,0.000097,15000000
x, wida, Gap,1.5, pancake28, '20 15 11 7 24 23 21 0 17 2 16 12 19 18 26 1 13 6 4 9 14 25 27 22 10 3 8 5',38,39,926,0.000075,12346700
x, wida, Gap,1.5, pancake28, '18 22 11 19 3 13 27 1 12 26 5 21 10 23 15 25 2 20 14 24 9 17 8 16 0 6 7 4',39,40,830,0.000065,12769200
x, wida, Gap,1.5, pancake28, '17 15 12 1 5 24 8 20 9 11 25 10 7 6 19 0 23 26 18 4 3 27 21 2 16 22 14 13',36,37,525,0.000044,11931800
x, wida, Gap,1.5, pancake28, '22 9 19 1 12 0 5 4 2 10 15 21 11 24 6 16 25 3 18 26 7 20 13 23 8 17 14 27',38,39,636,0.000067,9492540
x, wida, Gap,1.5, pancake28, '16 17 15 6 13 9 25 10 26 22 5 3 19 14 18 0 20 1 23 12 7 21 27 24 4 11 2 8',39,40,468,0.000047,9957450
x, wida, Gap,1.5, pancake28, '6 2 19 23 11 16 8 12 20 21 0 1 5 13 17 10 24 4 18 22 7 15 26 25 27 9 3 14',36,37,2550,0.000187,13636400
x, wida, Gap,1.5, pancake28, '1 18 9 22 19 12 16 11 26 20 13 14 5 25 24 17 6 2 10 0 4 21 7 8 15 23 27 3',36,37,902,0.000067,13462700
x, wida, Gap,1.5, pancake28, '14 2 27 3 1 10 8 15 19 16 26 12 24 7 21 4 0 6 22 13 23 5 11 9 18 17 20 25',39,40,1595,0.000115,13869600
x, wida, Gap,1.5, pancake28, '5 27 18 10 4 22 19 13 9 2 0 26 8 1 17 7 25 11 21 20 15 16 12 6 23 24 3 14',36,37,463,0.000047,9851060
x, wida, Gap,1.5, pancake28, '2 4 10 26 6 18 1 17 11 14 19 22 0 15 23 21 16 13 27 24 8 25 7 3 12 20 5 9',41,42,881,0.000086,10244200
x, wida, Gap,1.5, pancake28, '7 25 2 26 11 24 1 0 4 8 10 19 18 5 27 17 13 21 15 6 14 9 12 3 16 23 22 20',36,37,1101,0.000115,9573910
x, wida, Gap,1.5, pancake28, '8 2 13 3 11 4 19 17 9 18 27 25 23 22 14 1 15 12 26 0 5 16 6 10 24 21 20 7',38,39,874,0.000102,8568630
x, wida, Gap,1.5, pancake28, '6 12 7 17 15 20 3 24 16 18 8 10 21 22 9 19 4 0 11 27 2 26 13 1 25 14 23 5',39,40,1139,0.00009,12655600
x, wida, Gap,1.5, pancake28, '9 21 19 8 7 6 12 13 1 3 26 4 15 5 22 23 11 16 25 27 14 0 10 17 18 24 2 20',33,34,550,0.000051,10784300
x, wida, Gap,1.5, pancake28, '11 17 27 4 21 2 23 16 26 7 24 18 6 25 19 1 0 10 9 15 12 5 13 8 14 3 22 20',38,39,979,0.000083,11795200
x, wida, Gap,1.5, pancake28, '0 12 23 18 22 6 25 4 7 8 2 3 1 11 16 9 17 26 20 21 13 27 10 14 5 24 19 15',35,37,1014,0.000074,13702700
x, wida, Gap,1.5, pancake28, '8 3 11 9 2 21 23 24 1 13 19 27 6 5 7 17 22 10 14 25 26 15 18 4 20 0 12 16',36,37,1598,0.000141,11333300
x, wida, Gap,1.5, pancake28, '13 10 1 18 23 27 8 6 17 21 12 2 16 7 25 11 15 22 0 5 9 14 20 3 26 24 4 19',39,42,1185,0.000098,12091800
x, wida, Gap,1.5, pancake28, '8 7 12 24 25 5 23 4 13 0 27 18 14 19 16 2 15 1 21 26 20 6 10 3 22 11 9 17',38,39,992,0.000074,13405400
x, wida, Gap,1.5, pancake28, '21 6 4 17 23 20 13 12 5 22 8 7 18 14 27 16 9 24 25 15 3 1 10 11 26 0 2 19',34,36,1088,0.000105,10361900
x, wida, Gap,1.5, pancake28, '5 27 25 16 15 20 22 8 24 14 18 26 6 11 21 9 3 4 17 19 7 10 23 13 0 12 2 1',36,37,765,0.000069,11087000
x, wida, Gap,1.5, pancake28, '14 20 12 4 9 8 3 7 5 13 26 2 23 22 21 18 25 19 6 17 27 11 15 0 10 1 24 16',36,37,563,0.000094,5989360
x, wida, Gap,1.5, pancake28, '3 19 10 21 26 16 23 24 5 7 18 22 11 8 15 1 4 20 9 12 0 2 27 25 14 13 17 6',37,39,938,0.000074,12675700
x, wida, Gap,1.5, pancake28, '11 24 4 16 18 10 1 15 0 13 3 9 23 12 20 19 26 27 7 17 25 21 6 2 14 8 22 5',38,39,1478,0.000096,15395800
x, wida, Gap,1.5, pancake28, '19 20 2 9 16 14 27 12 24 26 3 0 25 11 17 5 21 22 10 4 8 23 1 18 7 13 15 6',38,39,744,0.000064,11625000
x, wida, Gap,1.5, pancake28, '3 26 4 6 22 14 25 11 13 21 0 17 10 5 7 24 19 9 2 23 1 15 12 18 20 8 16 27',39,40,454,0.000038,11947400
x, wida, Gap,1.5, pancake28, '14 5 1 16 19 23 15 4 8 20 6 17 24 2 10 25 0 7 18 21 11 13 9 3 27 26 12 22',37,40,1659,0.000122,13598400
x, wida, Gap,1.5, pancake28, '25 14 11 17 3 9 7 26 5 1 0 21 20 8 24 18 10 16 27 23 4 6 15 22 19 2 12 13',36,37,448,0.000044,10181800
x, wida, Gap,1.5, pancake28, '17 20 25 19 5 12 10 7 6 3 9 11 0 24 26 18 4 14 22 21 13 2 27 1 23 8 16 15',36,37,642,0.000048,13375000
x, wida, Gap,1.5, pancake28, '4 14 3 11 7 12 0 21 19 1 8 27 16 10 9 18 25 13 20 17 22 23 5 2 24 6 15 26',37,39,1423,0.000102,13951000
x, wida, Gap,1.5, pancake28, '4 18 23 25 20 7 24 6 16 11 27 17 19 3 13 12 2 1 0 15 22 26 8 9 21 10 14 5',35,36,690,0.000067,10298500
x, wida, Gap,1.5, pancake28, '15 0 5 23 20 4 1 10 16 7 24 26 25 27 9 14 13 8 18 11 2 22 6 12 17 3 21 19',37,39,1701,0.000125,13608000
x, wida, Gap,1.5, pancake28, '21 3 13 20 26 23 16 17 18 25 4 6 15 1 9 5 19 7 0 27 24 22 10 2 12 14 8 11',36,39,1229,0.00009,13655600
x, wida, Gap,1.5, pancake28, '14 22 9 6 4 18 10 2 21 16 8 25 12 26 3 15 0 1 13 19 24 27 5 20 11 23 7 17',39,40,1347,0.000104,12951900
x, wida, Gap,1.5, pancake28, '8 24 1 27 14 10 22 2 17 12 9 26 13 16 6 23 25 21 0 7 19 3 20 15 18 4 5 11',38,40,742,0.000058,12793100
x, wida, Gap,1.5, pancake28, '2 17 5 6 19 14 27 18 1 20 23 12 22 16 24 10 7 3 26 21 13 25 8 11 0 15 9 4',39,40,448,0.000042,10666700
x, wida, Gap,1.5, pancake28, '21 26 24 16 14 10 8 0 4 19 17 2 11 6 23 1 20 18 9 5 3 25 15 7 27 22 12 13',39,40,749,0.000051,14686300
x, wida, Gap,1.5, pancake28, '24 21 11 19 18 2 15 27 5 0 16 7 1 26 13 8 14 25 3 17 12 20 10 23 9 6 4 22',38,40,677,0.000058,11672400
x, wida, Gap,1.5, pancake28, '15 12 0 5 10 20 25 26 4 14 11 9 19 6 21 13 27 3 1 2 23 18 17 7 24 16 8 22',36,37,481,0.000038,12657900
x, wida, Gap,1.5, pancake28, '27 19 6 5 8 10 0 4 13 22 17 14 2 11 12 20 24 21 23 15 7 9 3 18 16 25 1 26',38,39,2398,0.000173,13861300
x, wida, Gap,1.5, pancake28, '17 24 15 3 16 9 10 13 11 2 6 12 1 5 18 8 19 25 0 4 7 23 27 22 20 26 14 21',39,40,893,0.000081,11024700
x, wida, Gap,1.5, pancake28, '23 24 25 13 9 2 16 8 15 27 0 7 3 20 21 4 14 11 22 1 17 26 18 12 5 6 19 10',35,36,826,0.00007,11800000
x, wida, Gap,1.5, pancake28, '2 11 18 5 21 25 13 0 22 7 9 16 26 1 14 4 8 24 23 6 15 12 3 17 20 27 19 10',39,40,784,0.000065,12061500
x, wida, Gap,1.5, pancake28, '16 11 23 4 13 17 26 2 20 18 24 7 0 14 8 25 15 19 12 1 27 5 6 3 22 9 21 10',38,40,1002,0.000074,13540500
x, wida, Gap,1.5, pancake28, '1 20 18 25 12 22 11 4 7 8 21 26 5 14 9 10 0 13 23 3 15 17 27 16 19 6 2 24',37,39,1405,0.0001,14050000
x, wida, Gap,1.5, pancake28, '1 18 7 9 3 14 21 12 17 26 25 11 8 13 4 24 16 22 23 27 6 20 0 5 19 10 15 2',37,39,687,0.000073,9410960
x, wida, Gap,1.5, pancake28, '20 2 16 9 10 6 7 1 4 22 15 5 3 19 17 18 27 14 8 12 24 13 23 0 11 26 21 25',36,37,5102,0.000492,10369900
x, wida, Gap,1.5, pancake28, '2 20 12 26 9 15 13 22 1 4 19 24 10 21 27 11 6 0 16 14 25 3 23 18 8 17 7 5',41,42,1077,0.000082,13134100
x, wida, Gap,1.5, pancake28, '1 11 25 17 15 2 24 7 21 10 6 22 16 4 13 19 0 20 14 12 3 23 18 5 8 9 26 27',36,37,1282,0.0001,12820000
x, wida, Gap,1.5, pancake28, '25 12 4 9 13 5 6 20 19 8 26 15 7 24 0 3 1 2 23 27 22 10 14 16 18 11 17 21',36,37,754,0.000059,12779700
x, wida, Gap,1.5, pancake28, '9 8 21 27 24 1 7 3 13 14 12 17 5 22 15 18 16 20 10 0 4 26 2 25 11 19 6 23',38,39,1414,0.000105,13466700
x, wida, Gap,1.5, pancake28, '18 2 7 13 11 19 24 21 22 23 4 20 25 17 10 16 6 5 0 8 15 9 14 3 12 26 1 27',35,36,2905,0.00018,16138900
x, wida, Gap,1.5, pancake28, '26 19 21 9 1 5 22 16 0 18 23 4 27 3 6 11 25 13 8 17 24 2 15 20 12 7 10 14',41,42,628,0.000051,12313700
x, wida, Gap,1.5, pancake28, '25 8 27 15 17 18 16 20 6 5 13 19 14 24 3 7 9 10 0 23 11 2 22 26 4 12 21 1',36,37,1005,0.000084,11964300
x, wida, Gap,1.5, pancake28, '1 27 15 9 6 5 19 4 3 18 21 20 26 17 22 8 23 16 0 13 25 11 2 12 14 10 7 24',36,37,469,0.00004,11725000
x, wida, Gap,1.5, pancake28, '3 26 8 6 5 16 25 12 23 20 10 21 13 0 22 19 17 11 7 4 15 14 1 9 24 2 18 27',36,37,1368,0.000088,15545500
x, wida, Gap,1.5, pancake28, '25 3 27 14 20 0 19 17 6 21 1 15 22 4 10 5 12 24 7 8 26 11 2 9 16 13 23 18',39,40,1361,0.000095,14326300
x, wida, Gap,1.5, pancake28, '15 3 22 14 24 9 10 27 19 25 17 26 23 8 11 20 7 21 1 18 0 13 16 4 2 6 12 5',39,40,494,0.000039,12666700
x, wida, Gap,1.5, pancake28, '15 17 6 27 1 19 20 16 23 3 12 0 25 22 18 5 4 10 14 24 26 13 2 8 21 7 11 9',37,39,806,0.000055,14654500
x, wida, Gap,1.5, pancake28, '14 22 25 9 6 18 17 4 1 27 8 5 11 15 3 12 13 20 16 10 26 2 7 19 21 24 0 23',38,39,856,0.000076,11263200
x, wida, Gap,1.5, pancake28, '15 22 8 23 17 5 25 19 24 6 11 3 21 4 26 1 27 16 14 7 2 20 13 0 9 10 18 12',39,40,1863,0.000137,13598500
x, wida, Gap,1.5, pancake28, '24 15 18 2 20 17 22 8 26 12 4 7 9 16 1 5 14 27 0 19 11 3 10 6 13 25 21 23',41,42,820,0.000066,12424200
x, wida, Gap,1.5, pancake28, '16 15 19 25 23 7 17 22 5 4 0 24 9 14 11 10 1 18 13 3 6 26 2 27 8 20 12 21',36,37,579,0.000046,12587000
x, wida, Gap,1.5, pancake28, '1 7 12 23 14 8 22 4 18 25 11 10 6 17 13 21 24 15 5 16 20 27 2 3 19 9 0 26',38,39,6103,0.000435,14029900
x, wida, Gap,1.5, pancake28, '5 4 21 23 14 20 0 10 13 9 16 1 22 2 25 27 12 8 17 6 26 7 24 19 3 18 11 15',39,40,976,0.000076,12842100
x, wida, Gap,1.5, pancake28, '5 14 16 8 15 21 11 4 17 27 0 18 13 20 23 19 6 2 7 1 25 24 22 26 10 12 9 3',39,40,2881,0.000211,13654000
x, wida, Gap,1.5, pancake28, '2 22 24 16 6 10 27 14 5 20 21 13 4 25 23 0 17 11 7 12 8 3 26 1 19 9 18 15',38,40,406,0.000042,9666670
x, wida, Gap,1.5, pancake28, '20 0 21 2 3 9 1 12 24 14 27 4 17 19 15 18 22 5 7 16 10 6 13 25 23 26 8 11',39,40,931,0.000071,13112700
x, wida, Gap,1.5, pancake28, '25 15 11 14 4 12 7 8 10 21 19 3 18 2 0 6 22 24 5 1 13 16 9 27 20 17 26 23',39,40,1663,0.000119,13974800
x, wida, Gap,1.5, pancake28, '6 22 12 0 26 8 27 7 20 15 16 13 1 14 17 24 21 4 9 19 5 23 11 2 3 25 18 10',36,39,599,0.000058,10327600
x, wida, Gap,1.5, pancake28, '15 0 6 9 8 25 2 16 26 1 14 12 13 5 27 23 17 11 10 20 4 21 24 7 19 22 18 3',36,37,686,0.000049,14000000
x, wida, Gap,1.5, pancake28, '7 25 16 24 18 19 14 5 21 15 12 11 6 0 23 26 1 22 13 17 8 9 2 4 10 27 20 3',36,37,750,0.000051,14705900
x, wida, Gap,1.5, pancake28, '7 12 15 13 3 5 22 26 23 18 20 16 1 6 8 19 21 10 4 9 25 11 14 0 24 27 2 17',41,42,629,0.000047,13383000
x, wida, Gap,1.5, pancake28, '18 5 4 14 24 12 17 20 22 27 2 3 26 9 16 0 10 11 6 21 8 25 15 23 1 19 7 13',35,37,1088,0.000083,13108400
x, wida, Gap,1.5, pancake28, '24 1 15 12 22 27 13 2 10 19 14 3 17 23 21 9 0 6 18 7 20 11 16 26 5 25 4 8',40,42,923,0.000064,14421900
x, wida, Gap,1.5, pancake28, '27 16 2 6 11 24 8 25 15 14 20 17 26 23 12 9 13 5 0 1 7 10 22 19 18 21 3 4',33,36,529,0.000048,11020800
x,wiad,1.5,pancake28,‘16 13 7 6 12 4 10 8 0 24 2 18 17 21 25 19 11 5 14 15 26 23 9 1 27 22 3 20’,na,na,na,na,na,
x, wida, Gap,1.5, pancake28, '19 17 22 25 26 10 5 13 23 0 16 21 3 24 15 7 27 1 14 20 6 4 9 12 11 2 8 18',38,39,561,0.00004,14025000
x, wida, Gap,1.5, pancake28, '27 22 24 4 1 14 17 12 21 20 23 2 8 13 25 16 7 9 3 10 26 11 6 15 0 19 18 5',37,39,775,0.000058,13362100
x, wida, Gap,1.5, pancake28, '25 3 9 0 4 21 19 15 23 17 6 18 11 24 16 7 20 8 13 14 12 1 26 2 10 27 5 22',39,40,995,0.00007,14214300
x, wida, Gap,1.5, pancake28, '5 27 23 20 17 24 14 4 9 6 15 2 13 1 12 25 8 19 3 21 7 10 26 11 0 18 22 16',41,42,861,0.000066,13045500
x, wida, Gap,1.5, pancake28, '2 26 17 23 3 16 20 15 12 7 13 19 24 11 5 10 21 27 1 9 0 25 14 6 22 8 18 4',41,42,618,0.000081,7629630
x, wida, Gap,1.5, pancake28, '19 10 18 21 4 8 25 7 24 16 15 14 2 11 23 1 0 12 3 26 17 22 13 6 27 9 5 20',36,37,934,0.000093,10043000
x, wida, Gap,1.5, pancake28, '27 13 21 26 14 11 16 2 7 9 4 10 8 25 6 24 17 20 15 22 23 12 5 3 19 18 1 0',36,37,1331,0.000096,13864600
x, wida, Gap,1.5, pancake28, '1 11 21 14 16 17 27 18 19 9 8 12 6 25 0 15 5 13 20 26 3 4 24 22 10 7 2 23',35,36,725,0.000056,12946400
x, wida, Gap,1.5, pancake28, '13 27 7 16 24 25 8 12 0 26 22 14 2 15 4 23 9 21 19 18 1 17 20 6 5 3 10 11',34,36,428,0.000034,12588200
x, wida, Gap,1.5, pancake28, '16 11 8 9 12 10 18 24 5 20 22 0 15 19 1 17 3 13 21 6 7 4 26 23 2 14 25 27',36,37,1828,0.000129,14170500
x, wida, Gap,1.5, pancake28, '7 16 13 3 22 6 5 19 24 11 8 25 21 14 4 9 1 10 17 20 15 23 27 2 12 26 18 0',39,40,493,0.000049,10061200
x, wida, Gap,1.5, pancake28, '11 0 7 2 1 3 25 4 20 16 12 17 26 19 5 13 10 9 21 14 18 8 23 27 22 15 6 24',38,39,769,0.000058,13258600
x, wida, Gap,1.5, pancake28, '4 22 23 2 14 6 20 18 27 21 3 15 16 17 1 12 10 24 11 13 5 9 19 25 26 7 0 8',35,36,1527,0.000112,13633900
x, wida, Gap,1.5, pancake28, '7 5 27 2 22 16 25 26 13 23 3 17 15 21 12 24 10 9 14 19 1 4 8 0 18 20 6 11',38,39,1417,0.000108,13120400
x, wida, Gap,1.5, pancake28, '19 27 21 25 12 11 5 20 9 14 6 2 1 26 16 8 22 7 18 15 0 24 10 13 3 4 23 17',36,37,1375,0.000099,13888900
x, wida, Gap,1.5, pancake28, '4 24 26 18 23 7 2 3 6 0 12 8 15 25 21 17 5 1 13 22 16 10 20 27 11 14 9 19',39,40,866,0.000064,13531200
x, wida, Gap,1.5, pancake28, '19 5 0 15 13 18 17 27 20 4 1 21 26 11 24 23 10 3 8 16 25 22 14 12 2 7 9 6',38,39,1655,0.000126,13134900
x, wida, Gap,1.5, pancake28, '24 14 2 0 18 6 25 22 7 5 10 12 16 1 11 20 19 8 4 13 21 23 27 3 15 17 26 9',39,40,2753,0.000198,13904000
x, wida, Gap,1.5, pancake28, '8 13 27 2 3 10 0 26 15 18 21 12 4 6 17 14 16 23 24 7 9 25 1 11 20 19 5 22',36,37,699,0.000058,12051700
x, wida, Gap,1.5, pancake28, '17 13 10 15 23 3 9 12 0 25 18 6 14 27 22 21 20 19 7 2 5 24 4 8 26 1 16 11',36,37,530,0.000042,12619000
x, wida, Gap,1.5, pancake28, '19 6 1 22 25 21 8 5 27 12 24 3 7 23 17 10 9 4 11 14 0 26 15 18 20 13 2 16',39,40,982,0.000068,14441200
x, wida, Gap,1.5, pancake28, '24 6 5 2 18 4 23 15 22 14 11 27 26 17 10 20 16 3 8 13 7 1 21 19 25 12 0 9',36,39,1631,0.000115,14182600
x,wida, Gap,1.5,pancake28,‘25 26 0 27 6 3 18 15 16 4 8 17 23 1 9 5 21 2 19 12 11 7 10 20 13 14 24 22’,na,na,na,na,na
x, wida, Gap,1.5, pancake28, '21 14 1 10 22 18 2 25 8 27 15 6 5 12 0 24 17 4 20 19 11 23 13 7 3 16 26 9',38,39,641,0.00005,12820000
x, wida, Gap,1.5, pancake28, '27 5 9 1 24 16 15 21 22 11 25 2 13 10 18 12 20 17 6 26 19 4 0 8 23 3 7 14',37,39,683,0.000052,13134600
x, wida, Gap,1.5, pancake28, '25 3 14 12 1 16 20 21 24 15 2 23 6 11 22 17 10 13 8 0 19 7 18 5 27 9 4 26',39,40,3854,0.000238,16193300
x, wida, Gap,1.5, pancake28, '24 10 11 26 8 27 0 6 15 25 5 1 14 7 17 13 21 2 23 4 3 12 9 16 22 19 20 18',36,37,793,0.00006,13216700
x, wida, Gap,1.5, pancake28, '1 12 25 22 14 4 3 24 27 11 2 5 21 6 9 26 7 19 17 18 13 8 0 15 16 20 10 23',36,37,895,0.000063,14206300
x, wida, Gap,1.5, pancake28, '19 14 4 6 23 15 2 1 0 8 7 22 17 5 12 10 25 18 21 26 9 3 11 13 27 20 24 16',36,37,865,0.000081,10679000
x, wida, Gap,1.5, pancake28, '21 1 16 17 15 14 20 27 25 4 8 22 24 9 10 11 6 23 5 13 0 19 18 12 2 7 3 26',33,34,1725,0.000124,13911300
x, wida, Gap,1.5, pancake28, '7 18 27 20 11 8 9 15 3 26 16 5 14 21 4 23 2 1 22 25 0 13 10 6 17 19 12 24',38,39,730,0.00006,12166700
x, wida, Gap,1.5, pancake28, '5 19 11 16 0 18 8 25 27 21 2 24 20 7 9 10 1 22 6 15 26 23 4 14 13 17 12 3',38,39,514,0.000036,14277800
x, wida, Gap,1.5, pancake28, '27 0 24 8 18 4 9 2 14 21 1 11 22 20 10 19 25 7 12 23 6 5 26 16 13 15 17 3',38,40,835,0.000071,11760600
x, wida, Gap,1.5, pancake28, '26 24 17 7 21 4 20 14 13 10 3 27 9 16 18 1 23 19 2 15 8 12 0 5 22 6 25 11',39,40,581,0.000053,10962300
x, wida, Gap,1.5, pancake28, '15 3 2 19 11 14 13 22 26 20 17 1 0 6 16 12 7 24 9 4 21 8 27 18 5 23 10 25',36,37,2722,0.000197,13817300
x, wida, Gap,1.5, pancake28, '4 18 2 24 21 14 17 13 7 15 26 22 19 6 27 1 11 25 20 0 10 8 3 12 5 9 23 16',40,42,2426,0.000174,13942500
x, wida, Gap,1.5, pancake28, '15 5 7 24 4 3 18 1 13 17 10 26 16 22 19 25 14 6 27 2 8 11 0 20 23 9 12 21',39,40,3162,0.000226,13991200
x, wida, Gap,1.5, pancake28, '20 9 2 16 25 13 10 14 0 21 24 22 17 11 3 6 18 1 15 26 27 5 23 8 7 19 12 4',38,39,2600,0.000185,14054100
x, wida, Gap,1.5, pancake28, '23 24 21 10 12 2 18 16 19 27 13 20 11 17 6 1 3 7 4 14 0 15 8 5 25 9 26 22',39,40,2276,0.000157,14496800
x, wida, Gap,1.5, pancake28, '10 5 7 18 13 3 19 16 20 8 15 12 6 21 1 22 9 25 27 23 14 24 0 17 4 2 26 11',40,42,1625,0.000117,13888900
x, wida, Gap,1.5, pancake28, '7 23 25 22 0 1 26 11 6 14 17 5 16 20 2 4 21 18 12 19 3 13 9 15 24 8 27 10',39,40,811,0.000061,13295100
x, wida, Gap,1.5, pancake28, '7 10 8 1 9 2 24 5 12 25 20 6 26 14 17 4 19 0 18 13 22 27 3 11 16 23 21 15',40,42,590,0.000052,11346200
x, wida, Gap,1.5, pancake28, '1 3 15 9 13 11 17 22 21 26 18 24 25 20 8 6 7 2 23 27 19 12 10 4 16 14 0 5',36,37,1469,0.000104,14125000
x, wida, Gap,1.5, pancake28, '24 7 10 15 22 9 13 19 1 4 0 27 14 23 11 6 20 12 5 25 2 18 8 16 3 17 21 26',40,42,1157,0.000087,13298900
x, wida, Gap,1.5, pancake28, '4 13 15 11 1 8 14 19 7 2 20 17 3 18 9 6 12 22 21 10 5 25 16 0 26 27 24 23',36,37,538,0.000055,9781820
x, wida, Gap,1.5, pancake28, '2 24 20 27 22 19 7 8 0 21 6 13 4 3 15 16 5 17 25 14 23 26 12 9 11 10 18 1',35,36,802,0.000068,11794100
x, wida, Gap,1.5, pancake28, '26 1 6 21 14 3 22 8 10 5 27 7 12 18 2 19 11 13 15 20 0 23 9 17 4 16 24 25',39,40,1175,0.000088,13352300
x, wida, Gap,1.5, pancake28, '20 23 7 5 6 11 12 8 1 14 16 9 18 0 3 19 22 27 25 26 24 17 21 10 15 4 13 2',35,37,1441,0.000114,12640400
x, wida, Gap,1.5, pancake28, '19 3 24 10 25 13 27 5 7 22 1 6 21 4 26 2 20 0 18 15 11 9 12 23 17 16 14 8',39,40,802,0.000071,11295800
x, wida, Gap,1.5, pancake28, '23 13 24 10 11 27 22 19 20 4 8 12 5 9 18 16 7 14 17 6 2 26 3 0 25 1 21 15',36,39,816,0.000067,12179100
x, wida, Gap,1.5, pancake28, '10 13 3 7 14 5 17 18 22 21 15 12 6 20 25 2 1 16 24 8 9 19 0 23 27 26 11 4',32,34,818,0.00006,13633300
x, wida, Gap,1.5, pancake28, '26 9 2 5 27 25 23 6 11 7 17 20 13 18 8 21 12 22 1 24 14 15 3 0 4 10 16 19',39,40,810,0.00006,13500000
x, wida, Gap,1.5, pancake28, '16 5 17 22 10 20 6 3 15 11 1 12 18 21 7 25 13 26 27 4 8 2 9 14 23 19 24 0',39,40,393,0.00004,9825000
x, wida, Gap,1.5, pancake28, '24 25 16 5 14 3 0 23 10 2 18 20 11 17 12 1 15 19 8 4 9 26 22 21 27 13 6 7',36,37,841,0.000062,13564500
x, wida, Gap,1.5, pancake28, '7 5 9 15 0 14 21 13 3 1 17 16 23 22 8 20 27 11 24 18 6 26 4 12 19 25 10 2',37,39,501,0.000045,11133300
x, wida, Gap,1.5, pancake28, '9 27 11 18 25 6 23 8 21 20 14 7 26 13 17 3 12 4 2 10 24 16 5 15 1 0 22 19',36,39,1965,0.000156,12596200
x, wida, Gap,1.5, pancake28, '0 6 10 22 4 2 24 8 25 23 15 17 13 1 3 5 20 19 11 9 12 14 18 26 7 16 27 21',39,40,1314,0.000098,13408200
x, wida, Gap,1.5, pancake28, '5 3 23 25 22 10 6 17 20 13 7 15 19 16 0 9 11 27 4 26 2 1 14 18 24 12 8 21',39,40,810,0.000057,14210500
x, wida, Gap,1.5, pancake28, '20 23 2 15 1 25 24 9 26 22 10 18 6 16 0 5 7 14 13 4 11 27 19 21 17 8 3 12',37,39,1471,0.000108,13620400
x, wida, Gap,1.5, pancake28, '16 1 21 23 18 6 13 10 26 25 0 12 22 17 20 24 27 15 5 11 4 19 3 2 14 9 8 7',35,36,625,0.000055,11363600
x, wida, Gap,1.5, pancake28, '1 16 20 3 12 27 13 19 9 8 22 10 21 24 26 25 14 17 7 11 23 6 5 0 15 18 2 4',36,37,761,0.000057,13350900
x, wida, Gap,1.5, pancake28, '21 14 15 19 4 18 26 20 12 11 5 25 9 23 13 22 27 0 2 17 10 6 24 8 3 7 16 1',37,39,785,0.00007,11214300
x, wida, Gap,1.5, pancake28, '10 12 4 16 5 6 7 8 3 0 26 14 9 17 15 11 21 19 2 27 13 20 23 25 24 1 22 18',35,36,1097,0.000113,9707960
x, wida, Gap,1.5, pancake28, '6 22 16 25 12 23 5 19 0 21 4 18 20 11 10 14 9 7 27 2 1 26 15 17 24 13 8 3',37,39,655,0.00005,13100000
x, wida, Gap,1.5, pancake28, '23 16 12 0 14 15 8 17 26 22 2 7 10 27 20 13 1 6 4 3 21 9 5 18 19 25 24 11',34,36,393,0.000046,8543480
x, wida, Gap,1.5, pancake28, '21 3 6 4 19 15 14 2 7 24 8 18 16 11 25 5 12 0 17 9 27 23 10 13 26 22 1 20',39,40,1865,0.000183,10191300
x, wida, Gap,1.5, pancake28, '21 24 23 20 19 25 0 16 22 6 5 14 4 13 7 1 8 17 11 15 3 18 26 27 12 9 10 2',33,34,1045,0.000076,13750000
x, wida, Gap,1.5, pancake28, '14 3 6 8 16 1 7 11 13 12 19 18 20 10 21 15 5 27 24 25 23 2 26 17 22 4 0 9',36,37,1394,0.000099,14080800
x, wida, Gap,1.5, pancake28, '23 7 26 22 2 6 3 21 0 27 12 16 13 17 24 5 10 9 1 14 4 15 8 11 25 19 20 18',37,39,935,0.000067,13955200
x, wida, Gap,1.5, pancake28, '23 6 22 14 16 8 25 4 2 26 19 11 1 12 15 9 24 17 27 13 3 20 0 5 21 7 18 10',41,42,447,0.000041,10902400
x, wida, Gap,1.5, pancake28, '25 16 5 15 4 2 7 27 18 10 0 21 23 14 22 17 26 13 24 19 20 3 11 12 9 6 8 1',38,39,776,0.000069,11246400
x, wida, Gap,1.5, pancake28, '22 20 9 18 10 8 4 0 21 26 15 11 23 14 27 3 6 12 17 25 5 24 16 19 2 13 7 1',40,42,471,0.000044,10704500
x, wida, Gap,1.5, pancake28, '6 23 5 27 15 14 17 24 18 4 26 21 16 7 10 8 11 25 20 12 13 3 22 1 19 0 9 2',38,39,1500,0.000107,14018700
x, wida, Gap,1.5, pancake28, '5 10 20 27 8 26 12 22 11 18 16 9 15 2 25 24 3 4 21 19 13 0 23 7 1 14 6 17',37,39,398,0.000035,11371400
x, wida, Gap,1.5, pancake28, '1 15 26 7 6 13 10 8 24 3 4 14 16 21 11 12 25 18 2 5 23 27 0 9 17 19 22 20',35,37,643,0.0001,6430000
x, wida, Gap,1.5, pancake28, '13 27 23 2 14 9 0 12 4 15 22 5 1 8 6 11 21 7 20 24 3 25 16 26 17 18 19 10',38,39,761,0.000097,7845360
x, wida, Gap,1.5, pancake28, '15 6 13 12 4 22 9 5 23 2 11 20 17 7 14 19 27 0 25 1 24 21 8 3 10 26 16 18',39,40,9399,0.000631,14895400
x, wida, Gap,1.5, pancake28, '3 26 16 10 5 19 14 9 15 8 6 20 24 13 7 2 0 21 25 27 22 12 18 4 17 23 11 1',41,42,676,0.000051,13254900
x, wida, Gap,1.5, pancake28, '5 14 21 26 25 24 0 16 12 17 23 20 18 10 2 27 9 13 3 11 19 7 4 15 1 6 22 8',38,39,1208,0.000081,14913600
x, wida, Gap,1.5, pancake28, '15 23 16 8 5 19 20 2 13 27 18 4 11 12 26 21 1 0 9 6 25 17 3 22 10 24 7 14',36,37,920,0.000073,12602700
x, wida, Gap,1.5, pancake28, '20 13 17 11 22 1 4 24 5 6 18 14 15 0 2 10 16 21 12 3 26 23 19 9 25 7 27 8',38,39,1221,0.000091,13417600
x, wida, Gap,1.5, pancake28, '11 1 19 18 10 21 17 22 4 15 26 14 7 3 25 20 24 0 5 12 2 27 13 6 23 16 9 8',37,39,953,0.000075,12706700
x, wida, Gap,1.5, pancake28, '11 1 12 20 22 21 18 6 7 26 24 2 23 9 17 8 16 5 10 19 25 0 3 27 15 4 13 14',36,37,651,0.000058,11224100
x, wida, Gap,1.5, pancake28, '12 4 2 17 6 27 0 18 19 10 23 24 21 8 3 5 14 26 22 25 9 1 7 11 15 13 16 20',38,39,855,0.000085,10058800
x, wida, Gap,1.5, pancake28, '20 9 21 6 25 12 27 11 13 1 18 15 24 3 19 22 26 16 2 4 8 5 10 7 17 14 0 23',41,42,865,0.000074,11689200
x, wida, Gap,1.5, pancake28, '3 1 13 26 9 18 5 27 7 14 15 6 23 12 17 2 8 4 24 11 0 25 10 22 19 20 16 21',38,39,885,0.000065,13615400
x, wida, Gap,1.5, pancake28, '21 13 11 0 18 10 6 4 27 3 25 2 15 1 20 7 5 8 19 12 22 9 23 26 17 24 16 14',41,42,438,0.000035,12514300
x, wida, Gap,1.5, pancake28, '9 10 0 2 6 15 18 4 12 24 20 19 27 14 11 5 8 3 7 25 17 21 26 1 23 13 22 16',37,39,482,0.000034,14176500
x, wida, Gap,1.5, pancake28, '2 3 1 9 26 18 7 25 8 13 19 11 23 6 10 14 22 5 27 24 16 4 15 12 20 17 0 21',39,40,821,0.00006,13683300
x, wida, Gap,1.5, pancake28, '3 17 13 26 10 24 1 9 5 12 15 22 19 27 18 8 4 6 7 16 11 25 14 21 23 0 20 2',39,40,1791,0.00013,13776900
x, wida, Gap,1.5, pancake28, '7 6 10 12 8 18 20 13 14 23 24 19 0 22 17 16 3 27 4 1 25 15 21 11 26 9 5 2',34,36,811,0.000065,12476900
x, wida, Gap,1.5, pancake28, '18 21 16 24 4 6 7 11 9 0 26 10 25 1 15 17 3 14 20 19 27 22 2 12 13 23 5 8',35,37,808,0.000061,13245900
x, wida, Gap,1.5, pancake28, '1 15 13 14 26 22 17 8 5 24 6 10 4 19 0 11 25 7 3 2 23 20 18 9 21 12 27 16',37,39,932,0.000113,8247790
x, wida, Gap,1.5, pancake28, '16 14 13 27 1 26 23 12 4 6 18 22 17 15 25 3 5 9 2 8 20 24 7 19 0 10 21 11',39,40,1026,0.000076,13500000
x, wida, Gap,1.5, pancake28, '15 18 23 27 10 25 21 12 5 26 24 9 19 20 11 17 8 4 6 0 1 7 22 2 13 3 16 14',38,39,6908,0.000579,11930900
x, wida, Gap,1.5, pancake28, '11 17 25 2 27 12 19 21 1 5 8 16 3 14 23 0 4 24 9 22 10 18 6 13 26 15 20 7',40,42,564,0.000054,10444400
x, wida, Gap,1.5, pancake28, '18 5 9 7 10 4 26 2 11 3 1 0 8 14 13 27 20 6 24 21 19 16 17 22 23 15 12 25',34,36,826,0.000091,9076920
x, wida, Gap,1.5, pancake28, '5 12 10 11 27 18 20 22 14 2 9 23 4 24 17 1 8 25 19 21 7 0 15 26 16 3 13 6',39,40,576,0.000045,12800000
x, wida, Gap,1.5, pancake28, '22 17 13 6 24 11 25 18 14 5 3 8 26 10 7 16 2 19 12 23 0 21 15 9 1 20 27 4',41,42,643,0.00005,12860000
x, wida, Gap,1.5, pancake28, '1 0 14 4 25 19 16 9 13 21 5 6 18 15 17 11 8 27 23 24 20 10 2 3 22 7 12 26',34,36,930,0.000069,13478300
x, wida, Gap,1.5, pancake28, '0 6 1 10 5 13 11 14 19 16 27 2 21 22 24 8 12 23 7 3 20 4 26 9 17 18 25 15',37,39,1124,0.000118,9525420
x, wida, Gap,1.5, pancake28, '10 7 8 21 14 17 27 26 18 20 9 4 5 1 6 13 11 24 23 2 12 15 16 0 22 3 25 19',32,34,9747,0.00079,12338000
x, wida, Gap,1.5, pancake28, '26 18 7 25 13 10 1 20 16 19 3 15 14 9 11 2 5 17 23 8 22 6 0 4 24 21 12 27',38,39,1949,0.000134,14544800
x, wida, Gap,1.5, pancake28, '22 20 26 7 21 0 10 3 27 15 13 17 2 16 14 25 9 4 19 5 24 11 18 23 1 12 6 8',41,42,942,0.00007,13457100
x, wida, Gap,1.5, pancake28, '19 20 8 23 21 27 6 2 11 9 1 22 24 26 7 10 5 17 14 0 16 13 4 3 25 12 15 18',38,39,3180,0.000238,13361300
x, wida, Gap,1.5, pancake28, '10 5 25 9 6 21 4 24 27 19 11 1 22 2 0 23 18 12 3 14 8 13 15 20 26 7 16 17',39,40,811,0.000061,13295100
x, wida, Gap,1.5, pancake28, '19 23 18 1 13 26 24 0 12 25 8 7 3 11 5 27 14 15 2 4 21 10 6 17 16 20 9 22',36,37,773,0.000057,13561400
x, wida, Gap,1.5, pancake28, '2 1 26 27 3 5 11 12 21 24 16 22 7 13 9 15 18 19 6 25 4 8 14 10 20 0 17 23',34,36,616,0.000048,12833300
x, wida, Gap,1.5, pancake28, '7 12 16 3 21 6 10 15 8 24 5 20 22 25 4 23 26 1 13 11 0 27 17 14 2 19 18 9',39,40,507,0.00004,12675000
x, wida, Gap,1.5, pancake28, '5 19 12 10 1 18 20 27 16 22 2 25 0 6 7 13 24 8 21 11 9 23 3 4 26 17 15 14',36,37,1024,0.000078,13128200
x, wida, Gap,1.5, pancake28, '11 24 12 27 6 25 26 2 4 10 20 21 7 17 13 16 19 1 5 9 22 0 8 18 3 14 23 15',38,39,894,0.000065,13753800
x, wida, Gap,1.5, pancake28, '16 13 11 7 4 8 12 1 26 3 6 25 27 22 5 9 20 2 24 23 10 14 15 19 17 21 0 18',38,39,831,0.000054,15388900
x, wida, Gap,1.5, pancake28, '27 18 2 1 17 15 7 24 16 8 11 26 10 3 12 25 4 22 21 14 5 0 13 6 19 23 20 9',38,39,810,0.000067,12089600
x, wida, Gap,1.5, pancake28, '19 23 6 27 3 9 26 10 25 13 15 2 14 24 21 0 17 4 5 22 1 7 12 20 16 18 8 11',39,40,2033,0.000145,14020700
x, wida, Gap,1.5, pancake28, '27 1 26 7 19 15 9 21 11 13 20 5 23 3 4 14 6 16 8 24 12 18 25 0 10 17 22 2',39,40,765,0.000058,13189700
x, wida, Gap,1.5, pancake28, '27 9 20 2 5 0 21 1 6 25 24 12 18 3 8 7 10 26 13 16 4 11 23 14 22 19 17 15',38,39,740,0.000055,13454500
x, wida, Gap,1.5, pancake28, '10 2 24 21 20 23 1 19 12 22 9 6 13 25 17 0 4 27 7 5 15 8 14 26 16 11 18 3',39,40,490,0.000047,10425500
x, wida, Gap,1.5, pancake28, '6 8 15 2 13 1 27 4 18 21 14 25 16 24 12 23 10 22 26 11 7 19 17 0 9 20 3 5',40,42,1226,0.000093,13182800
x, wida, Gap,1.5, pancake28, '5 1 8 10 17 15 27 23 13 18 9 3 21 6 19 25 16 20 24 4 0 12 11 7 26 2 14 22',39,40,1834,0.000129,14217100
x, wida, Gap,1.5, pancake28, '18 0 6 12 20 3 27 26 8 10 15 11 14 21 25 1 5 17 9 4 16 7 24 23 19 22 2 13',38,39,433,0.000041,10561000
x, wida, Gap,1.5, pancake28, '2 6 4 0 17 1 13 26 7 24 8 10 16 23 19 20 27 9 22 3 14 12 5 21 15 25 11 18',39,40,577,0.00007,8242860
